<?xml version="1.0" encoding="ISO-8859-1" ?>
<legtrack_feed version_id="2012-04-10-01">
	<bill_profile>
		<bill_key>
			<state>US</state>
			<session_id>2011000</session_id>
			<legtype>HR</legtype>
			<bill_number>4256</bill_number>
		</bill_key>
		<authors>
			<author>
				<name>Mulvaney</name>
				<party>R</party>
				<house>H</house>
			</author>
		</authors>
		<bill_title>Pool Safety and Pool SAFE Act</bill_title>
		<intro_date>2012-03-26</intro_date>
		<current_disposition>Pending</current_disposition>
		<bill_location>House Judiciary Committee</bill_location>
		<bill_summary>Relates to the Pool Safety and Accessibility for Everyone (Pool SAFE) Act; directs the Attorney General to revise certain rules under titles II and III of the Americans with Disabilities Act of 1990 relating to accessible means of entry to pools.</bill_summary>
		<status_actions>
			<status_action>
				<action_text>INTRODUCED.</action_text>
				<action_date>2012-03-26</action_date>
			</status_action>
			<status_action>
				<action_text>To HOUSE Committee on JUDICIARY.</action_text>
				<action_date>2012-03-26</action_date>
			</status_action>
			<status_action>
				<action_text>In HOUSE Committee on JUDICIARY:  Referred to Subcommittee on CRIME, TERRORISM AND HOMELAND SECURITY.</action_text>
				<action_date>2012-04-09</action_date>
			</status_action>
		</status_actions>
		<public_text_link><![CDATA[http://custom.statenet.com/public/resources.cgi?id=ID:bill:US2011000H4256&ciq=voices&client_md=03b323d15a205fc4c70d7d35de1e19d4&mode=current_text]]></public_text_link>
	</bill_profile>
	<bill_profile>
		<bill_key>
			<state>US</state>
			<session_id>2011000</session_id>
			<legtype>HR</legtype>
			<bill_number>4259</bill_number>
		</bill_key>
		<authors>
			<author>
				<name>Lankford</name>
				<party>R</party>
				<house>H</house>
			</author>
		</authors>
		<bill_title>End Trafficking in Government Contracting Act of 2012</bill_title>
		<intro_date>2012-03-26</intro_date>
		<current_disposition>Pending</current_disposition>
		<bill_location>House Judiciary Committee</bill_location>
		<bill_summary>Relates to the End Trafficking in Government Contracting Act of 2012; prevents human trafficking in government contracting.</bill_summary>
		<status_actions>
			<status_action>
				<action_text>INTRODUCED.</action_text>
				<action_date>2012-03-26</action_date>
			</status_action>
			<status_action>
				<action_text>To HOUSE Committee on FOREIGN AFFAIRS.</action_text>
				<action_date>2012-03-26</action_date>
			</status_action>
			<status_action>
				<action_text>Additionally referred to HOUSE Committee on JUDICIARY.</action_text>
				<action_date>2012-03-26</action_date>
			</status_action>
			<status_action>
				<action_text>In HOUSE Committee on JUDICIARY:  Referred to Subcommittee on CRIME, TERRORISM AND HOMELAND SECURITY.</action_text>
				<action_date>2012-04-09</action_date>
			</status_action>
			<status_action>
				<action_text>In HOUSE Committee on JUDICIARY:  Referred to Subcommittee on COURTS, COMMERCIAL AND ADMINISTRATIVE LAW.</action_text>
				<action_date>2012-04-09</action_date>
			</status_action>
		</status_actions>
		<public_text_link><![CDATA[http://custom.statenet.com/public/resources.cgi?id=ID:bill:US2011000H4259&ciq=voices&client_md=9c8adeebbb8b9bc42c7d1a5ba9e17a31&mode=current_text]]></public_text_link>
	</bill_profile>
	<bill_profile>
		<bill_key>
			<state>US</state>
			<session_id>2011000</session_id>
			<legtype>HR</legtype>
			<bill_number>4263</bill_number>
		</bill_key>
		<authors>
			<author>
				<name>Bono Mack</name>
				<party>R</party>
				<house>H</house>
			</author>
		</authors>
		<bill_title>Information Security</bill_title>
		<intro_date>2012-03-27</intro_date>
		<current_disposition>Pending</current_disposition>
		<bill_location>House Judiciary Committee</bill_location>
		<bill_summary>Improves information security, and for other purposes.</bill_summary>
		<status_actions>
			<status_action>
				<action_text>INTRODUCED.</action_text>
				<action_date>2012-03-27</action_date>
			</status_action>
			<status_action>
				<action_text>To HOUSE Committee on SCIENCE, SPACE, AND TECHNOLOGY.</action_text>
				<action_date>2012-03-27</action_date>
			</status_action>
			<status_action>
				<action_text>Additionally referred to HOUSE Committee on OVERSIGHT AND GOVERNMENT REFORM.</action_text>
				<action_date>2012-03-27</action_date>
			</status_action>
			<status_action>
				<action_text>Additionally referred to HOUSE Committee on JUDICIARY.</action_text>
				<action_date>2012-03-27</action_date>
			</status_action>
			<status_action>
				<action_text>Additionally referred to HOUSE Committee on ARMED SERVICES.</action_text>
				<action_date>2012-03-27</action_date>
			</status_action>
			<status_action>
				<action_text>Additionally referred to HOUSE Select Committee on INTELLIGENCE.</action_text>
				<action_date>2012-03-27</action_date>
			</status_action>
			<status_action>
				<action_text>In HOUSE Committee on JUDICIARY:  Referred to Subcommittee on CRIME, TERRORISM AND HOMELAND SECURITY.</action_text>
				<action_date>2012-04-09</action_date>
			</status_action>
		</status_actions>
		<public_text_link><![CDATA[http://custom.statenet.com/public/resources.cgi?id=ID:bill:US2011000H4263&ciq=voices&client_md=b905b13a5f1b825ac6195b104688e40a&mode=current_text]]></public_text_link>
	</bill_profile>
	<bill_profile>
		<bill_key>
			<state>US</state>
			<session_id>2011000</session_id>
			<legtype>HJR</legtype>
			<bill_number>106</bill_number>
		</bill_key>
		<authors>
			<author>
				<name>Franks</name>
				<party>R</party>
				<house>H</house>
			</author>
		</authors>
		<bill_title>Constitution Amendment</bill_title>
		<intro_date>2012-03-26</intro_date>
		<current_disposition>Pending</current_disposition>
		<bill_location>House Judiciary Committee</bill_location>
		<bill_summary>Proposes an amendment to the Constitution of the United States to protect the rights of crime victims.</bill_summary>
		<status_actions>
			<status_action>
				<action_text>INTRODUCED.</action_text>
				<action_date>2012-03-26</action_date>
			</status_action>
			<status_action>
				<action_text>To HOUSE Committee on JUDICIARY.</action_text>
				<action_date>2012-03-26</action_date>
			</status_action>
			<status_action>
				<action_text>In HOUSE Committee on JUDICIARY:  Referred to Subcommittee on THE CONSTITUTION.</action_text>
				<action_date>2012-04-09</action_date>
			</status_action>
		</status_actions>
		<public_text_link><![CDATA[http://custom.statenet.com/public/resources.cgi?id=ID:bill:US2011000HJR106&ciq=voices&client_md=fed577becaf482d9747dd71f8d231550&mode=current_text]]></public_text_link>
	</bill_profile>
	<bill_profile>
		<bill_key>
			<state>US</state>
			<session_id>2011000</session_id>
			<legtype>HJR</legtype>
			<bill_number>107</bill_number>
		</bill_key>
		<authors>
			<author>
				<name>Franks</name>
				<party>R</party>
				<house>H</house>
			</author>
		</authors>
		<bill_title>Amendment To Constitution Relating to Parental Rights</bill_title>
		<intro_date>2012-03-29</intro_date>
		<current_disposition>Pending</current_disposition>
		<bill_location>House Judiciary Committee</bill_location>
		<bill_summary>Proposes an amendment to the Constitution of the United States relating to parental rights.</bill_summary>
		<status_actions>
			<status_action>
				<action_text>INTRODUCED.</action_text>
				<action_date>2012-03-29</action_date>
			</status_action>
			<status_action>
				<action_text>To HOUSE Committee on JUDICIARY.</action_text>
				<action_date>2012-03-29</action_date>
			</status_action>
			<status_action>
				<action_text>In HOUSE Committee on JUDICIARY:  Referred to Subcommittee on THE CONSTITUTION.</action_text>
				<action_date>2012-04-09</action_date>
			</status_action>
		</status_actions>
		<public_text_link><![CDATA[http://custom.statenet.com/public/resources.cgi?id=ID:bill:US2011000HJR107&ciq=voices&client_md=0bec1a2761a537e3caf0bb65ac421ff5&mode=current_text]]></public_text_link>
	</bill_profile>
	<bill_profile>
		<bill_key>
			<state>US</state>
			<session_id>2011000</session_id>
			<legtype>HRES</legtype>
			<bill_number>604</bill_number>
		</bill_key>
		<authors>
			<author>
				<name>Issa</name>
				<party>R</party>
				<house>H</house>
			</author>
		</authors>
		<bill_title>Exercise of Recess Appointment Power</bill_title>
		<intro_date>2012-03-29</intro_date>
		<current_disposition>Pending</current_disposition>
		<bill_location>House Judiciary Committee</bill_location>
		<bill_summary>Expresses the sense of the House of Representatives that the President exercised the recess appointment power despite the fact that neither the House of Representatives nor the Senate have been adjourned for a period in excess of three days during the Second Session of the 112th Congress.</bill_summary>
		<status_actions>
			<status_action>
				<action_text>INTRODUCED.</action_text>
				<action_date>2012-03-29</action_date>
			</status_action>
			<status_action>
				<action_text>To HOUSE Committee on JUDICIARY.</action_text>
				<action_date>2012-03-29</action_date>
			</status_action>
			<status_action>
				<action_text>In HOUSE Committee on JUDICIARY:  Referred to Subcommittee on THE CONSTITUTION.</action_text>
				<action_date>2012-04-09</action_date>
			</status_action>
		</status_actions>
		<public_text_link><![CDATA[http://custom.statenet.com/public/resources.cgi?id=ID:bill:US2011000HRES604&ciq=voices&client_md=fb3bef8fd96d14026f5938fa9f41498a&mode=current_text]]></public_text_link>
	</bill_profile>
	<bill_profile>
		<bill_key>
			<state>US</state>
			<session_id>2011000</session_id>
			<legtype>HRES</legtype>
			<bill_number>612</bill_number>
		</bill_key>
		<authors>
			<author>
				<name>Cleaver</name>
				<party>D</party>
				<house>H</house>
			</author>
		</authors>
		<bill_title>Life of Trayvon Martin</bill_title>
		<intro_date>2012-03-30</intro_date>
		<current_disposition>Pending</current_disposition>
		<bill_location>House Judiciary Committee</bill_location>
		<bill_summary>Honors the life of 17-year-old, Trayvon Martin, urges the State of Florida and others to repeal the Stand Your Ground law, and admonishes involved parties to pursue full investigations into all homicides, regardless of defenses asserted by the offender.</bill_summary>
		<status_actions>
			<status_action>
				<action_text>INTRODUCED.</action_text>
				<action_date>2012-03-30</action_date>
			</status_action>
			<status_action>
				<action_text>To HOUSE Committee on JUDICIARY.</action_text>
				<action_date>2012-03-30</action_date>
			</status_action>
			<status_action>
				<action_text>In HOUSE Committee on JUDICIARY:  Referred to Subcommittee on CRIME, TERRORISM AND HOMELAND SECURITY.</action_text>
				<action_date>2012-04-09</action_date>
			</status_action>
		</status_actions>
		<public_text_link><![CDATA[http://custom.statenet.com/public/resources.cgi?id=ID:bill:US2011000HRES612&ciq=voices&client_md=b1943389ae8da4f5953159b7fbbe69a2&mode=current_text]]></public_text_link>
	</bill_profile>
</legtrack_feed>
